{
  "antd_bin": "/home/florian/claude/ant/crates/ant-conformance/../../target/release/antd",
  "fetches": [
    {
      "cold": {
        "bytes": 1048576,
        "ok": true,
        "secs": 1.085263898,
        "status": 200,
        "throughput_kib_s": 943.5493080412042,
        "ttfb_secs": 0.115641691
      },
      "reference": "3a9281699610b9ef74befa54b9336e8b6387bb4c590cb66fc95d9514f5bb1e47/payload-1mib.bin",
      "warm": {
        "bytes": 1048576,
        "ok": true,
        "secs": 0.004979261,
        "status": 200,
        "throughput_kib_s": 205653.0075446939,
        "ttfb_secs": 0.002777111
      }
    },
    {
      "cold": {
        "bytes": 1048576,
        "ok": true,
        "secs": 1.7314278440000002,
        "status": 200,
        "throughput_kib_s": 591.4193903884105,
        "ttfb_secs": 0.727917412
      },
      "reference": "3bdddf9937cc804605ecc48862ae0375e5083116882558486e531b8f26c4f8da/payload-1mib.bin",
      "warm": {
        "bytes": 1048576,
        "ok": true,
        "secs": 0.004708231,
        "status": 200,
        "throughput_kib_s": 217491.45273458332,
        "ttfb_secs": 0.00254446
      }
    },
    {
      "cold": {
        "bytes": 1048576,
        "ok": true,
        "secs": 1.798758461,
        "status": 200,
        "throughput_kib_s": 569.2815473572357,
        "ttfb_secs": 0.769183157
      },
      "reference": "50c1c8302e906849566028e352601294cbdb5743b2906bf8be03279e6287fa16/payload-1mib.bin",
      "warm": {
        "bytes": 1048576,
        "ok": true,
        "secs": 0.00504451,
        "status": 200,
        "throughput_kib_s": 202992.95669946139,
        "ttfb_secs": 0.00340161
      }
    },
    {
      "cold": {
        "bytes": 54958120,
        "ok": true,
        "secs": 74.951645766,
        "status": 200,
        "throughput_kib_s": 716.0621826778635,
        "ttfb_secs": 0.560236137
      },
      "reference": "c4f8a45301b57d0e36f0f5348ed371aee42ea0b9fe9b3caaf26015d652eedc40/tracks/01%20arrival.wav",
      "warm": {
        "bytes": 54958120,
        "ok": true,
        "secs": 0.158873596,
        "status": 200,
        "throughput_kib_s": 337815.9770645589,
        "ttfb_secs": 0.013602572
      }
    }
  ],
  "git_commit": "6b7b96a",
  "kind": "bzz",
  "label": "baseline",
  "peer_warmup_secs": 3.775153222,
  "peers_at_start": 97,
  "run": 2,
  "started_utc": "2026-07-05T14:28:50Z",
  "suite": "download"
}