{
  "antd_bin": "/home/florian/claude/ant/crates/ant-conformance/../../target/release/antd",
  "fetches": [
    {
      "cold": {
        "bytes": 1048576,
        "ok": true,
        "secs": 0.279396417,
        "status": 200,
        "throughput_kib_s": 3665.0434210829553,
        "ttfb_secs": 0.035723713
      },
      "reference": "3a9281699610b9ef74befa54b9336e8b6387bb4c590cb66fc95d9514f5bb1e47/payload-1mib.bin",
      "warm": {
        "bytes": 1048576,
        "ok": true,
        "secs": 0.048071445,
        "status": 200,
        "throughput_kib_s": 21301.627192608838,
        "ttfb_secs": 0.00441842
      }
    },
    {
      "cold": {
        "bytes": 1048576,
        "ok": true,
        "secs": 1.147316572,
        "status": 200,
        "throughput_kib_s": 892.5173966719274,
        "ttfb_secs": 0.156134925
      },
      "reference": "3bdddf9937cc804605ecc48862ae0375e5083116882558486e531b8f26c4f8da/payload-1mib.bin",
      "warm": {
        "bytes": 1048576,
        "ok": true,
        "secs": 0.00492969,
        "status": 200,
        "throughput_kib_s": 207720.97231266066,
        "ttfb_secs": 0.00253857
      }
    },
    {
      "cold": {
        "bytes": 1048576,
        "ok": true,
        "secs": 1.109069528,
        "status": 200,
        "throughput_kib_s": 923.2964878645552,
        "ttfb_secs": 0.121499422
      },
      "reference": "50c1c8302e906849566028e352601294cbdb5743b2906bf8be03279e6287fa16/payload-1mib.bin",
      "warm": {
        "bytes": 1048576,
        "ok": true,
        "secs": 0.00361723,
        "status": 200,
        "throughput_kib_s": 283089.54642088007,
        "ttfb_secs": 0.002306541
      }
    },
    {
      "cold": {
        "bytes": 54958120,
        "ok": true,
        "secs": 78.914132472,
        "status": 200,
        "throughput_kib_s": 680.1068120661782,
        "ttfb_secs": 0.368407197
      },
      "reference": "c4f8a45301b57d0e36f0f5348ed371aee42ea0b9fe9b3caaf26015d652eedc40/tracks/01%20arrival.wav",
      "warm": {
        "bytes": 54958120,
        "ok": true,
        "secs": 0.194807969,
        "status": 200,
        "throughput_kib_s": 275502.27712963836,
        "ttfb_secs": 0.015989332
      }
    }
  ],
  "git_commit": "6b7b96a",
  "kind": "bzz",
  "label": "baseline",
  "peer_warmup_secs": 0.251642645,
  "peers_at_start": 68,
  "run": 3,
  "started_utc": "2026-07-05T14:30:16Z",
  "suite": "download"
}